"DESCRIPTION","DURATION IN MS","NAME","PARENT SUITE","START TIME","STATUS","STOP TIME","SUB SUITE","SUITE","TEST CLASS","TEST METHOD"
"","218810","Checkout Page Pickup Type - Pay At Pickup Payment End to End Functionality Test","Hana POS Automation - UI (headed)","2026-09-30","passed","2026-09-30","Checkout Page - Pickup Type Pay At Pickup Payment Functionality","website_Testcases\paymentTypeTestcases\checkoutPage_PickupType_PayAtPickup_Payment_FunctionalityTest.spec.ts","",""
"","220694","Hana_T1476 - Delivery Confirmation with Existing Customer Functionality Test","Hana POS Automation - UI (headed)","2026-09-30","passed","2026-09-30","","deliveryConfirmationTestcases\Hana_T1476_Delivery_Confirmation_Functionality_SmokeTest.spec.ts","",""
"","244701","Hana-1219 Web admin Add New Product Availability Active Enabled Functionality Test","Hana POS Automation - UI (headed)","2026-09-30","passed","2026-09-30","Web Admin Add New Product Enabled Functionality","webadmin\webadminProductTestcases\addNewProduct_Test.spec.ts","",""
"","386","Hana_T - Make Payment with Credit Card Payment Functionality Test","Hana POS Automation - UI (headed)","2026-09-30","skipped","2026-09-30","","makePaymentTestcases\Hana_T_CreditCardPaymentTest_ViaOrderDetailsPopup.spec.ts","",""
"","147301","Hana_T455 - Order Entry Page - Wire In - Wire In Info - Functionality Test","Hana POS Automation - UI (headed)","2026-09-30","passed","2026-09-30","","phoneOrderTestcases\wirein_PhoneOrderTestCases\Hana_T455.spec.ts","",""
"","125016","Hana_T40 - Default - Cash and Carry Page - Split Payment - Functionality Test","Hana POS Automation - UI (headed)","2026-09-30","passed","2026-09-30","","cash_And_Carry_Page_Testcases\Hana_T40.spec.ts","",""
"","957","Hana_T Customer Portal Payment with Existing Customer Functionality Test","Hana POS Automation - UI (headed)","2026-09-30","skipped","2026-09-30","","customerPortalPaymentTestcases\Hana_T_CustomerPortalPaymentWithExistingCustomer.spec.ts","",""
"","148034","Hana_T1431 - All Orders Page - Verify status for Cash and Carry order created with an existing customer","Hana POS Automation - UI (headed)","2026-09-30","passed","2026-09-30","","recentOrdersTestcases\Hana_T1431.spec.ts","",""
"","124060","Hana_T53 - Default - Cash and Carry Page - Payments - Check Payment Section - Functionality Test","Hana POS Automation - UI (headed)","2026-09-30","passed","2026-09-30","","cash_And_Carry_Page_Testcases\Hana_T53.spec.ts","",""
"","107020","Hana_T33 - Default - Cash and Carry Page -Purchase Product with Coupon - Functionality Test","Hana POS Automation - UI (headed)","2026-09-30","passed","2026-09-30","","cash_And_Carry_Page_Testcases\Hana_T33.spec.ts","",""
"","220389","Hana_T952 - Default - Advance Dispatch with Existing Customer Functionality Test","Hana POS Automation - UI (headed)","2026-09-30","passed","2026-09-30","","advanceDispatchTestcases\Hana_T952.spec.ts","",""
"","183888","Validate Hana_T_Webadmin_Update_AddOn_Test","Hana POS Automation - UI (headed)","2026-09-30","passed","2026-09-30","Web Admin Module - Add-Ons","webadmin\webadminAddonTestcases\createNewAddonsTest.spec.ts","",""
"","840","Checkout Page Pickup Type - Credit Card Payment End to End Functionality Test","Hana POS Automation - UI (headed)","2026-09-30","skipped","2026-09-30","Checkout Page - Pickup Type Credit Card Payment Functionality","website_Testcases\paymentTypeTestcases\checkoutPage_PickupType_CreditCard_Payment_FunctionalityTest.spec.ts","",""
"","221961","Web admin Add New subscription Product Availability Active Enabled Functionality Test","Hana POS Automation - UI (headed)","2026-09-30","passed","2026-09-30","Web Admin Add New Subscription Product Enabled Functionality","webadmin\webadminProductTestcases\addNewSubscriptionProduct_Test.spec.ts","",""
"","100687","Hana_T51 - Default - Cash and Carry Page - Payments - Cash Payment Section - Functionality Test","Hana POS Automation - UI (headed)","2026-09-30","passed","2026-09-30","","cash_And_Carry_Page_Testcases\Hana_T51.spec.ts","",""
"","469","Hana_T - Make Payment with Credit Card Payment Functionality Test","Hana POS Automation - UI (headed)","2026-09-30","skipped","2026-09-30","","makePaymentTestcases\Hana_T_CreditCardPaymentTest.spec.ts","",""
"","99140","Hana_T59 - Default - Cash and Carry Page - Payments - Paid Outside Hana POH Payment Section - Functionality Test","Hana POS Automation - UI (headed)","2026-09-30","passed","2026-09-30","","cash_And_Carry_Page_Testcases\Hana_T59.spec.ts","",""
"","170632","Checkout Page Pickup Type - Invoice House Account Payment End to End Functionality Test","Hana POS Automation - UI (headed)","2026-09-30","passed","2026-09-30","Checkout Page - Pickup Type Invoice House Account Payment Functionality","website_Testcases\paymentTypeTestcases\checkoutPage_PickupType_InvoiceHouseAccount_Payment_FunctionalityTest.spec.ts","",""
"","244538","Hana_T259 - Wedding Proposal with New customer Functionality Test","Hana POS Automation - UI (headed)","2026-09-30","passed","2026-09-30","","proposalTestcases\Hana_T259.spec.ts","",""
"","170892","Hana_T520 - Order Entry Page - Wire Out - Functionality with New customer - Functionality Test","Hana POS Automation - UI (headed)","2026-09-30","passed","2026-09-30","","phoneOrderTestcases\wireout_PhoneOrderTestcases\Hana_T520.spec.ts","",""
"","50850","Hana_T1620 | OLD-TC-1620 | Customers - New Customer - Functionality","Hana POS Automation - UI (headed)","2026-09-30","passed","2026-09-30","","customerModuleTestcases\Hana_T1620_customers_new_customer_functionality_test.spec.ts","",""
"","145934","Phone Order Pickup Type with New Customer Functionality Test","Hana POS Automation - UI (headed)","2026-09-30","passed","2026-09-30","","phoneOrderTestcases\pickup_PhoneOrderTestcases\Hana_T271_pickup_functionality_with_new_customer_functionality_test.spec.ts","",""
"","162406","Hana_T28 - Default - Cash and Carry Page - Payments - Physical Gift Card Payment - Functionality Test","Hana POS Automation - UI (headed)","2026-09-30","passed","2026-09-30","","cash_And_Carry_Page_Testcases\Hana_T28.spec.ts","",""
"","299946","Hana_T1048 - Update Order upgrade order Functionality Test","Hana POS Automation - UI (headed)","2026-09-30","passed","2026-09-30","","recentOrdersTestcases\Hana_T1048.spec.ts","",""
"","49923","Verify that Login with MFA user is successful","Hana POS Automation - UI (headed)","2026-09-30","passed","2026-09-30","Login Page Testcases","loginPageTestcases\loginWithMFATest.spec.ts","",""
"","215755","Hana_T711 - Quick Dispatch with Existing Customer Scan Order Functionality Test","Hana POS Automation - UI (headed)","2026-09-30","passed","2026-09-30","","quickDispatchTestCases\Hana_T711.spec.ts","",""
"","282811","Hana_T712 - Quick Dispatch with Existing Customer Functionality Test","Hana POS Automation - UI (headed)","2026-09-30","passed","2026-09-30","","quickDispatchTestCases\Hana_T712.spec.ts","",""
"","141936","Hana_TC270 - Phone Order Pickup Type with Existing Customer Functionality Test","Hana POS Automation - UI (headed)","2026-09-30","passed","2026-09-30","","phoneOrderTestcases\pickup_PhoneOrderTestcases\Hana_T270_pickup_functionality_with_existing_customer_functionality_test.spec.ts","",""
"","160265","Hana_T1877 | HANA-TC-1877 | Web Admin > Categories > Add New > Save persists every field + toggle configuration","Hana POS Automation - UI (headed)","2026-09-30","passed","2026-09-30","Web Admin - Categories - Add New Category - Save Functionality","webadmin\webadminCategoryTestcases\Hana_T1877_WebAdmin_Categories_AddNew_Save_Functionality_Test.spec.ts","",""
"","1879","Checkout Page - Delivery Type Credit Card Payment Functionality Test","Hana POS Automation - UI (headed)","2026-09-30","skipped","2026-09-30","","website_Testcases\paymentTypeTestcases\checkoutPage_DeliveryType_CreditCard_Payment_FunctionalityTest.spec.ts","",""
"","308255","Hana-1219 Web admin Add New Product Availability Active Enabled Functionality Test","Hana POS Automation - UI (headed)","2026-09-30","passed","2026-09-30","Web Admin Add New Product with addons Functionality","webadmin\webadminProductTestcases\addNewProductWithAddons_Test.spec.ts","",""
"","247021","Hana_T272 - Add Proposal CreateProposalPage Event Functionality Test","Hana POS Automation - UI (headed)","2026-09-30","passed","2026-09-30","","proposalTestcases\Hana_T_Event_Proposal_MakePayment_FunctionalityTest.spec.ts","",""
"","100669","Hana_T56 - Default - Cash and Carry Page - Payments - Invoice House Account Payment Section - Functionality Test","Hana POS Automation - UI (headed)","2026-09-30","passed","2026-09-30","","cash_And_Carry_Page_Testcases\Hana_T56.spec.ts","",""
"","137684","Hana_T - Make Payment with Check Payment Functionality Test","Hana POS Automation - UI (headed)","2026-09-30","passed","2026-09-30","","makePaymentTestcases\Hana_T_CheckPaymentTest.spec.ts","",""
"","187471","Hana_T944 - Default - Advance Dispatch with Existing Customer Scan Order Functionality Test","Hana POS Automation - UI (headed)","2026-09-30","passed","2026-09-30","","advanceDispatchTestcases\Hana_T944.spec.ts","",""
"","318481","Hana_T1047 - Update Order upgrade order with Invoice House Account Functionality Test","Hana POS Automation - UI (headed)","2026-09-30","passed","2026-09-30","","recentOrdersTestcases\Hana_T1047.spec.ts","",""
"","121195","Checkout Page Delivery Type - Payment Section as COD Functionality Test","Hana POS Automation - UI (headed)","2026-09-30","passed","2026-09-30","Checkout Page - Delivery Type Cash On Delivery Payment Functionality","website_Testcases\paymentTypeTestcases\checkoutPage_DeliveryType_CashOnDelivery_Payment_FunctionalityTest.spec.ts","",""
"","152626","Hana_T519 - Order Entry Page - Wire Out - Functionality with Existing customer - Functionality Test","Hana POS Automation - UI (headed)","2026-09-30","passed","2026-09-30","","phoneOrderTestcases\wireout_PhoneOrderTestcases\Hana_T519.spec.ts","",""
"","300120","Hana_T1044 - Cancel Order with Existing Customer Functionality Test","Hana POS Automation - UI (headed)","2026-09-30","passed","2026-09-30","","recentOrdersTestcases\Hana_T1044.spec.ts","",""
"","226600","Website Page Pickup Type - Invoice House Account Payment End to End Functionality Test","Hana POS Automation - UI (headed)","2026-09-30","passed","2026-09-30","Website Page - Pickup Type Invoice House Account Payment Functionality","website_Testcases\paymentTypeTestcases\websitePage_PickupType_InvoiceHouseAccount_Payment_FunctionalityTest.spec.ts","",""
"","145969","Hana_T447 - Phone Order Delivery Type with New Customer Functionality Test","Hana POS Automation - UI (headed)","2026-09-30","passed","2026-09-30","","phoneOrderTestcases\delivery_PhoneOrderTestcases\Hana_T447_delivery_functionality_with_new_customer_functionality_test.spec.ts","",""
"","173965","Hana_T1616 - Email Campaign - Regression Testcase - Functionality","Hana POS Automation - UI (headed)","2026-09-30","passed","2026-09-30","","emailMarketingTestcases\Hana_T1616_Email_Campaign_Regressin_Testcase_Functionality.spec.ts","",""
"","165338","Hana_T1617 - Advanced Email Campaign - Functionality","Hana POS Automation - UI (headed)","2026-09-30","passed","2026-09-30","","emailMarketingTestcases\Hana_T1617_Advanced_Email_Campaign_Functionality.spec.ts","",""
"","136758","Hana_T61 - Default - Cash and Carry Page - Payments - Physical Gift Card Payment - Functionality Test","Hana POS Automation - UI (headed)","2026-09-30","passed","2026-09-30","","cash_And_Carry_Page_Testcases\Hana_T61.spec.ts","",""
"","245012","Hana_T272 - Add Event Proposal with New Customer Functionality Test","Hana POS Automation - UI (headed)","2026-09-30","passed","2026-09-30","","proposalTestcases\Hana_T283.spec.ts","",""
"","293664","Web admin Add New subscription Product with New Addons Functionality Test","Hana POS Automation - UI (headed)","2026-09-30","passed","2026-09-30","Web Admin Add New Subscription Product Enabled Functionality","webadmin\webadminProductTestcases\addNewSubscriptionProductWithAddons_Test.spec.ts","",""
"","106267","Hana_T68 - Default - Cash and Carry Page - Payments - Donation Payment Section - Functionality Test","Hana POS Automation - UI (headed)","2026-09-30","passed","2026-09-30","","cash_And_Carry_Page_Testcases\Hana_T68.spec.ts","",""
"","226030","Hana_T243 - Wedding Proposal with existing customer Functionality Test","Hana POS Automation - UI (headed)","2026-09-30","passed","2026-09-30","","proposalTestcases\Hana_T243.spec.ts","",""
"","126864","Hana_T43 - Default - Cash and Carry Page - Payments- Split Payment - Functionality Test","Hana POS Automation - UI (headed)","2026-09-30","passed","2026-09-30","","cash_And_Carry_Page_Testcases\Hana_T43.spec.ts","",""
"","124710","Hana_T37 - Default - Cash and Carry Page - Add New Customer - Functionality Test","Hana POS Automation - UI (headed)","2026-09-30","passed","2026-09-30","","cash_And_Carry_Page_Testcases\Hana_T37.spec.ts","",""
"","252904","Hana_T - Wedding Proposal Cancel Order Functionality Test","Hana POS Automation - UI (headed)","2026-09-30","failed","2026-09-30","","proposalTestcases\Hana_T_Wedding_Proposal_Cancel_Order_Functionality_Test.spec.ts","",""
"","195702","Hana_T - Wedding Proposal Make Payment Functionality Test","Hana POS Automation - UI (headed)","2026-09-30","passed","2026-09-30","","proposalTestcases\Hana_T_Wedding_Proposal_MakePayment_Functionality_Test.spec.ts","",""
"","221693","Hana_T1046 - Update Order Partial Refund Functionality Test","Hana POS Automation - UI (headed)","2026-09-30","passed","2026-09-30","","recentOrdersTestcases\Hana_T1046.spec.ts","",""
"","201053","Hana_T2552 - Wedding Proposal Make Payment (Cash) Functionality Test","Hana POS Automation - UI (headed)","2026-09-30","passed","2026-09-30","","proposalTestcases\Hana_T2552_Wedding_Proposal_MakePayment_Cash_Functionality_Test.spec.ts","",""
"","205768","Hana_T272 - Add Proposal CreateProposalPage Event Functionality Test","Hana POS Automation - UI (headed)","2026-09-30","passed","2026-09-30","","proposalTestcases\Hana_T272.spec.ts","",""
"","184796","Validate Hana_T_Webadmin_Add_New_AddOn_Test","Hana POS Automation - UI (headed)","2026-09-30","passed","2026-09-30","Web Admin Module - Add-Ons","webadmin\webadminAddonTestcases\createNewAddonsTest.spec.ts","",""
"","136597","Hana_T - Make Payment with Check Payment Functionality Test","Hana POS Automation - UI (headed)","2026-09-30","passed","2026-09-30","","makePaymentTestcases\Hana_T_CheckPaymentTest_ViaOrderDetailsPopup.spec.ts","",""
"","159612","Hana_T446 - Phone Order Delivery Type with Existing Customer Functionality Test","Hana POS Automation - UI (headed)","2026-09-30","passed","2026-09-30","","phoneOrderTestcases\delivery_PhoneOrderTestcases\Hana_T446_delivery_functionality_with_existing_customer_functionality_test.spec.ts","",""
"","125666","Hana_T65 - Default - Cash and Carry Page - Payments - Payment Section - Add New Customer Functionality Test","Hana POS Automation - UI (headed)","2026-09-30","passed","2026-09-30","","cash_And_Carry_Page_Testcases\Hana_T65.spec.ts","",""
"","22928","Verify that Login for MFA user session data should not load before OTP verification","Hana POS Automation - UI (headed)","2026-09-30","passed","2026-09-30","Login Page Testcases","loginPageTestcases\loginWithMFATest.spec.ts","",""
"","160256","Checkout Page Delivery Type - Invoice House Account Payment Functionality Test","Hana POS Automation - UI (headed)","2026-09-30","passed","2026-09-30","Checkout Page - Delivery Type Invoice House Account Payment Functionality","website_Testcases\paymentTypeTestcases\checkoutPage_DeliveryType_InvoiceHouseAccount_Payment_FunctionalityTest.spec.ts","",""
